DELETE FROM detalii_bon_fiscal;
DELETE FROM detalii_aprovizionare;
DELETE FROM produse_furnizori;
DELETE FROM stocuri;
DELETE FROM cupoane_client;
DELETE FROM bonuri_fiscale;
DELETE FROM promotii;
DELETE FROM aprovizionare;
DELETE FROM angajati;
DELETE FROM cont_lidl_plus;
DELETE FROM produse;
DELETE FROM categorii;
DELETE FROM furnizori;
DELETE FROM magazine;
DELETE FROM clienti;


INSERT INTO clienti (idclient, nume, prenume, email, telefon) VALUES
(1, 'Popescu', 'Ionut', 'ionut.popescu@gmail.com', '0722123456'),
(2, 'Ionescu', 'Elena', 'elena.ionescu@yahoo.com', '0733987654'),
(3, 'Marinescu', 'Andrei', 'andrei.m@gmail.com', '0744112233'),
(4, 'Dumitru', 'Maria', 'maria.dumitru@outlook.com', '0755443322'),
(5, 'Vasilescu', 'Vasile', 'vasile.v@gmail.com', '0766554433'),
(6, 'Stoica', 'Gheorghe', 'gheorghe.stoica@gmail.com', '0721112233'),
(7, 'Radu', 'Andreea', 'andreea.radu@yahoo.com', '0732223344'),
(8, 'Dinu', 'Cristian', 'cristian.dinu@gmail.com', '0743334455'),
(9, 'Gheorghe', 'Mihaela', 'mihaela.g@outlook.com', '0754445566'),
(10, 'Stan', 'Florin', 'florin.stan@gmail.com', '0765556677'),
(11, 'Rusu', 'Anca', 'anca.rusu@yahoo.com', '0726667788'),
(12, 'Albu', 'Mihai', 'mihai.albu@gmail.com', '0737778899'),
(13, 'Negru', 'Ioana', 'ioana.negru@outlook.com', '0748889900'),
(14, 'Lupu', 'Gabriel', 'gabriel.lupu@gmail.com', '0759990011'),
(15, 'Matei', 'Raluca', 'raluca.matei@yahoo.com', '0760001122'),
(16, 'Nistor', 'Alexandru', 'alex.nistor@gmail.com', '0721122334'),
(17, 'Oprea', 'Daniela', 'daniela.oprea@outlook.com', '0732233445'),
(18, 'Marin', 'Marius', 'marius.marin@gmail.com', '0743344556'),
(19, 'Barbu', 'Denisa', 'denisa.barbu@yahoo.com', '0754455667'),
(20, 'Nica', 'Bogdan', 'bogdan.nica@gmail.com', '0765566778'),
(21, 'Florea', 'Catalin', 'catalin.florea@outlook.com', '0726677889'),
(22, 'Dobre', 'Simona', 'simona.dobre@gmail.com', '0737788990'),
(23, 'Gabor', 'Robert', 'robert.gabor@yahoo.com', '0748899001'),
(24, 'Sandu', 'Cristina', 'cristina.sandu@gmail.com', '0759900112'),
(25, 'Constantin', 'Adrian', 'adrian.c@outlook.com', '0760011223'),
(26, 'Dragomir', 'Laura', 'laura.dragomir@gmail.com', '0721133445'),
(27, 'Minea', 'Silviu', 'silviu.minea@yahoo.com', '0732244556'),
(28, 'Toma', 'Diana', 'diana.toma@gmail.com', '0743355667'),
(29, 'Voicu', 'Rares', 'rares.voicu@outlook.com', '0754466778'),
(30, 'Panait', 'Adina', 'adina.panait@gmail.com', '0765577889'),
(31, 'Mocanu', 'George', 'george.mocanu@yahoo.com', '0726688990'),
(32, 'Preda', 'Monica', 'monica.preda@gmail.com', '0737799001'),
(33, 'Stefan', 'Ovidiu', 'ovidiu.stefan@outlook.com', '0748800112'),
(34, 'Craciun', 'Paula', 'paula.craciun@gmail.com', '0759911223'),
(35, 'Tudor', 'Razvan', 'razvan.tudor@yahoo.com', '0760022334'),
(36, 'Ungureanu', 'Sabina', 'sabina.u@gmail.com', '0721144556'),
(37, 'Filip', 'Vlad', 'vlad.filip@outlook.com', '0732255667'),
(38, 'Miron', 'Alina', 'alina.miron@gmail.com', '0743366778'),
(39, 'Balan', 'Cosmin', 'cosmin.balan@yahoo.com', '0754477889'),
(40, 'Luca', 'Gabriela', 'gabriela.luca@gmail.com', '0765588990'),
(41, 'Serban', 'Paul', 'paul.serban@outlook.com', '0726699001'),
(42, 'Cojocaru', 'Corina', 'corina.c@gmail.com', '0737800112'),
(43, 'Grosu', 'Dorin', 'dorin.grosu@yahoo.com', '0748911223'),
(44, 'Iacob', 'Beatrice', 'beatrice.iacob@gmail.com', '0759022334'),
(45, 'Pascu', 'Tiberiu', 'tiberiu.pascu@outlook.com', '0760133445'),
(46, 'Stancu', 'Loredana', 'loredana.stancu@gmail.com', '0721244556'),
(47, 'Goran', 'Stefan', 'stefan.goran@yahoo.com', '0732355667'),
(48, 'Matea', 'Iulia', 'iulia.matea@gmail.com', '0743466778'),
(49, 'Chiriac', 'Mihail', 'mihail.chiriac@outlook.com', '0754577889'),
(50, 'Varga', 'Arpad', 'arpad.varga@gmail.com', '0765688990');


INSERT INTO magazine (idmagazin, oras, adresa, tip) VALUES
(1, 'București', 'Str. Sibiului nr. 10', 'Standard'),
(2, 'Cluj-Napoca', 'Bld. Muncii nr. 5', 'Supermagazin/XL'),
(3, 'Timișoara', 'Str. Aradului nr. 22', 'Standard'),
(4, 'Iași', 'Str. Păcurari nr. 45', 'Standard'),
(5, 'Brașov', 'Calea București nr. 100', 'Centru Logistic/Depozit'),
(6, 'București', 'Bld. Iuliu Maniu nr. 200', 'Supermagazin/XL'),
(7, 'Constanța', 'Str. Soveja nr. 15', 'Standard'),
(8, 'Craiova', 'Calea București nr. 34', 'Standard'),
(9, 'Galați', 'Str. Brăilei nr. 120', 'Standard'),
(10, 'Ploiești', 'Str. Republicii nr. 65', 'Standard'),
(11, 'Oradea', 'Bld. Decebal nr. 8', 'Supermagazin/XL'),
(12, 'Brăila', 'Calea Călărașilor nr. 210', 'Standard'),
(13, 'Arad', 'Calea Aurel Vlaicu nr. 140', 'Standard'),
(14, 'Pitești', 'Str. Popa Șapcă nr. 4', 'Standard'),
(15, 'Sibiu', 'Șoseaua Alba Iulia nr. 70', 'Supermagazin/XL'),
(16, 'Bacău', 'Str. Ștefan cel Mare nr. 32', 'Standard'),
(17, 'Târgu Mureș', 'Gheorghe Doja nr. 110', 'Standard'),
(18, 'Baia Mare', 'Bld. București nr. 24', 'Standard'),
(19, 'Buzău', 'Str. Unirii nr. 10', 'Standard'),
(20, 'Botoșani', 'Calea Națională nr. 89', 'Standard'),
(21, 'Satu Mare', 'Str. Careiului nr. 17', 'Standard'),
(22, 'Râmnicu Vâlcea', 'Calea lui Traian nr. 150', 'Standard'),
(23, 'Drobeta-Turnu Severin', 'Bld. Mihai Viteazul nr. 2', 'Standard'),
(24, 'Suceava', 'Bld. Sofia Vicoveanca nr. 12', 'Supermagazin/XL'),
(25, 'Piatra Neamț', 'Str. General Dăscălescu nr. 5', 'Standard'),
(26, 'Târgu Jiu', 'Str. Termocentralei nr. 27', 'Standard'),
(27, 'Târgoviște', 'Calea Domnească nr. 240', 'Standard'),
(28, 'Focșani', 'Str. Cuza Vodă nr. 60', 'Standard'),
(29, 'Bistrița', 'Calea Moldovei nr. 40', 'Standard'),
(30, 'Reșița', 'Bld. Revoluția din Decembrie nr. 5', 'Standard'),
(31, 'Tulcea', 'Str. Babadag nr. 142', 'Standard'),
(32, 'Slatina', 'Str. Primăverii nr. 18', 'Standard'),
(33, 'Călărași', 'Bld. Republicii nr. 3', 'Standard'),
(34, 'Giurgiu', 'Bld. București nr. 57', 'Standard'),
(35, 'Deva', 'Calea Zarandului nr. 67', 'Standard'),
(36, 'Hunedoara', 'Bld. Traian nr. 9', 'Standard'),
(37, 'Zalău', 'Bld. Mihai Viteazul nr. 94', 'Standard'),
(38, 'Alba Iulia', 'Bld. Ferdinand I nr. 78', 'Standard'),
(39, 'Sfântu Gheorghe', 'Str. Păiuș David nr. 15', 'Standard'),
(40, 'Vaslui', 'Str. Ștefan cel Mare nr. 204', 'Standard'),
(41, 'Miercurea Ciuc', 'Str. Harghita nr. 62', 'Standard'),
(42, 'Roman', 'Str. Succesului nr. 2', 'Standard'),
(43, 'Bârlad', 'Str. Republicii nr. 300', 'Standard'),
(44, 'Turda', 'Calea Dorobanților nr. 41', 'Standard'),
(45, 'Mediaș', 'Str. Sibiului nr. 14', 'Standard'),
(46, 'Alexandria', 'Str. Dunării nr. 54', 'Standard'),
(47, 'Lugoj', 'Str. Caransebeșului nr. 2', 'Standard'),
(48, 'Medgidia', 'Str. Independenței nr. 11', 'Standard'),
(49, 'Sighetu Marmației', 'Str. Bogdan Vodă nr. 88', 'Standard'),
(50, 'Roman', 'Platforma Logistică Nord-Est nr. 1', 'Centru Logistic/Depozit');


INSERT INTO furnizori (idfurnizor, nume_furnizor, contact, tara_origine) VALUES
(1, 'Prodlacta SA', 'contact@prodlacta.ro', 'România'),
(2, 'Parkside Tools Gmbh', 'info@parkside.de', 'Germania'),
(3, 'Lupilu Apparel', 'orders@lupilu.fr', 'Franța'),
(4, 'Cris-Tim Distribution', 'office@cristim.ro', 'România'),
(5, 'Bauer Milch Gmbh', 'export@bauer.de', 'Germania'),
(6, 'Agroisla S.L.', 'info@agroisla.es', 'Spania'),
(7, 'Smithfield România', 'office@smithfield.ro', 'România'),
(8, 'Mondelez Europe', 'contact@mdlz.com', 'Polonia'),
(9, 'Purcari Wineries', 'sales@purcari.md', 'Moldova'),
(10, 'Unilever South Central Europe', 'recepție@unilever.com', 'România'),
(11, 'Barilla G. e R. Fratelli', 'export@barilla.it', 'Italia'),
(12, 'Ziaja Ltd', 'export@ziaja.pl', 'Polonia'),
(13, 'Hochland România', 'hochland.romania@hochland.com', 'România'),
(14, 'Coca-Cola HBC România', 'ro.contact@cchellenic.com', 'România'),
(15, 'Gillette Meats', 'info@gillette.ie', 'Irlanda'),
(16, 'Bonduelle Central Europe', 'info@bonduelle.hu', 'Ungaria'),
(17, 'Borsec Romaqua Group', 'office@romaqua.ro', 'România'),
(18, 'Solano Fruit', 'sales@solanofruit.gr', 'Grecia'),
(19, 'Dr. Oetker RO', 'office@oetker.ro', 'România'),
(20, 'FrieslandCampina', 'info@frieslandcampina.ro', 'România'),
(21, 'Heineken România', 'info.ro@heineken.com', 'România'),
(22, 'Covalact SA', 'office@covalact.ro', 'România'),
(23, 'Vel Pitar SA', 'contact@velpitar.ro', 'România'),
(24, 'Orkla Foods România', 'office@orkla.ro', 'România'),
(25, 'Agricola Bacău', 'agricola@agricola.ro', 'România'),
(26, 'Albalact SA', 'albalact@albalact.ro', 'România'),
(27, 'Nestle Romania', 'contact@ro.nestle.com', 'România'),
(28, 'P&G Europe', 'pg.contact@pg.com', 'Germania'),
(29, 'Henkel Romania', 'henkel.ro@henkel.com', 'România'),
(30, 'Müller Milch', 'info@mueller.de', 'Germania'),
(31, 'Danone România', 'danone.ro@danone.com', 'România'),
(32, 'Lactalis RO', 'office@lactalis.ro', 'România'),
(33, 'Kania Sauces Gmbh', 'info@kania.de', 'Germania'),
(34, 'Ocean Fish SRL', 'office@oceanfish.ro', 'România'),
(35, 'Tymbark Maspex', 'office@maspex.ro', 'România'),
(36, 'Prezident Dairy', 'sales@prezident.fr', 'Franța'),
(37, 'Intersnack România', 'office@intersnack.ro', 'România'),
(38, 'Chio Snacks', 'info@chio.de', 'Germania'),
(39, 'Sano Vita SRL', 'office@sanovita.ro', 'România'),
(40, 'Whirlpool Central', 'parts@whirlpool.com', 'Polonia'),
(41, 'Orlando Import Export', 'office@orlando.ro', 'România'),
(42, 'Calvo Spania', 'export@calvo.es', 'Spania'),
(43, 'Rio Mare Italia', 'info@riomare.it', 'Italia'),
(44, 'Nivea Beiersdorf', 'contact@beiersdorf.com', 'Germania'),
(45, 'Colgate-Palmolive', 'cp_orders@colpal.com', 'Polonia'),
(46, 'Johnson & Johnson', 'info@jnj.ro', 'România'),
(47, 'Fox Com Serv', 'office@foxmezeluri.ro', 'România'),
(48, 'Meda Prod 98', 'office@medaprod.ro', 'România'),
(49, 'Pambac SA', 'office@pambac.ro', 'România'),
(50, 'Zewa Essity', 'info.zewa@essity.com', 'Polonia');

INSERT INTO categorii (idcategorie, denumire) VALUES
(1, 'Lactate'),
(2, 'Unelte și Grădină'),
(3, 'Haine și Textile'),
(4, 'Mezeluri și Carne'),
(5, 'Dulciuri'),
(6, 'Panificație și Patiserie'),
(7, 'Fructe și Legume'),
(8, 'Băuturi Răcoritoare'),
(9, 'Băuturi Alcoolice'),
(10, 'Cosmetice și Îngrijire Personală'),
(11, 'Detergenți și Curățenie'),
(12, 'Conserve și Murături'),
(13, 'Produse Congelate'),
(14, 'Cafea și Ceai'),
(15, 'Snacks-uri și Cipsuri'),
(16, 'Hrana pentru Animale'),
(17, 'Articole pentru Copii'),
(18, 'Electrocasnice Mici'),
(19, 'Bricolaj și Auto'),
(20, 'Papetărie și Birotică'),
(21, 'Articole de Bucătărie'),
(22, 'Produse Bio și Vegane'),
(23, 'Pește și Fructe de Mare'),
(24, 'Condimente și Sosuri'),
(25, 'Uleiuri și Grăsimi'),
(26, 'Făinoase și Orez'),
(27, 'Cereale și Mic Dejun'),
(28, 'Încălțăminte'),
(29, 'Jucării și Jocuri'),
(30, 'Articole de Sport și Outdoor'),
(31, 'Lenjerie de Corp'),
(32, 'Accesorii Casă și Decor'),
(33, 'Plante și Flori'),
(34, 'Produse Igienă Intimă'),
(35, 'Băuturi Energizante'),
(36, 'Nuci și Fructe Uscate'),
(37, 'Brânzeturi Fine'),
(38, 'Preparate Ready-to-Eat'),
(39, 'Specialități Săptămânale'),
(40, 'Articole de Voiaj'),
(41, 'Produse pentru Grătar'),
(42, 'Supe și Ciorbe la Plic'),
(43, 'Miere și Gemuri'),
(44, 'Aluaturi și Foi de Plăcintă'),
(45, 'Accesorii Telefoane și IT'),
(46, 'Articole de Menaj'),
(47, 'Produse Tradiționale'),
(48, 'Săpunuri și Geluri de Duș'),
(49, 'Igienă Orală'),
(50, 'Produse Sezoniere Paște/Crăciun');


INSERT INTO produse (idprodus, nume_produs, unitate_masura, cod_bare, pret_unitar, tva, idcategorie) VALUES
(1, 'Lapte Pilos 3.5%', 'buc', 'RO11223344', 6.50, 9, 1),
(2, 'Mașină de găurit Parkside', 'buc', 'DE55667788', 189.00, 21, 2),
(3, 'Set Body Bebe Lupilu', 'pachet', 'FR99001122', 45.00, 21, 3),
(4, 'Salam Săsesc 400g', 'buc', 'RO44332211', 19.50, 9, 4),
(5, 'Iaurt Cremos Bauer', 'buc', 'DE88776655', 4.20, 9, 1),
(6, 'Pâine feliată Lidl', 'buc', 'RO00112233', 4.50, 9, 6),
(7, 'Banane Premium', 'kg', 'EC00223344', 6.99, 9, 7),
(8, 'Mere Ionatan', 'kg', 'RO00334455', 4.50, 9, 7),
(9, 'Coca-Cola 2L', 'buc', 'RO00445566', 8.50, 9, 8),
(10, 'Bere Argus 0.5L', 'doză', 'RO00556677', 3.20, 9, 9),
(11, 'Șampon Cien 400ml', 'buc', 'DE00667788', 9.90, 21, 10),
(12, 'Detergent Formil 3L', 'buc', 'DE00778899', 39.90, 21, 11),
(13, 'Brânză Feta Eridanous', 'buc', 'GR00889900', 14.50, 9, 37),
(14, 'Unt Pilos 82%', 'buc', 'RO00990011', 11.50, 9, 1),
(15, 'Sufleu Ciocolată J.D. Gross', 'buc', 'FR01112233', 7.50, 9, 5),
(16, 'Ceafă de porc feliată', 'kg', 'RO01223344', 28.90, 9, 4),
(17, 'Plic Supă Alesto', 'buc', 'DE01334455', 2.50, 9, 42),
(18, 'Cafea Bellarom 500g', 'buc', 'DE01445566', 22.00, 9, 14),
(19, 'Cipsuri Snack Day', 'buc', 'RO01556677', 5.50, 9, 15),
(20, 'Hrană uscată câini Orlando', 'sac', 'DE01667788', 45.00, 9, 16),
(21, 'Set șurubelnițe Parkside', 'set', 'DE01778899', 34.90, 21, 2),
(22, 'Pantaloni trening Lupilu', 'buc', 'FR01889900', 29.90, 21, 3),
(23, 'Ulei de floarea soarelui Floriol', 'L', 'RO01990011', 7.20, 9, 25),
(24, 'Făină Castello Tip 000', 'kg', 'RO02112233', 3.80, 9, 26),
(25, 'Orez Camolino 1kg', 'buc', 'RO02223344', 6.50, 9, 26),
(26, 'Spaghete Combino 500g', 'buc', 'IT02334455', 4.10, 9, 26),
(27, 'Gel de duș Cien Men', 'buc', 'DE02445566', 6.50, 21, 48),
(28, 'Pastă de dinți Dentalux', 'buc', 'DE02556677', 5.90, 21, 49),
(29, 'Hârtie igienică Floralys', 'pachet', 'RO02667788', 16.50, 21, 11),
(30, 'Apă minerală Borsec 2L', 'buc', 'RO02778899', 3.50, 9, 8),
(31, 'Suc de portocale Solevita', 'L', 'DE02889900', 8.90, 9, 8),
(32, 'Mici proaspeți Lidl 1kg', 'caserolă', 'RO02990011', 18.50, 9, 41),
(33, 'Cârnați Grătar Pikok', 'buc', 'RO03112233', 14.20, 9, 4),
(34, 'File de somon Ocean Fish', '100g', 'RO03223344', 11.90, 9, 23),
(35, 'Ton în ulei Calvo', 'conservă', 'ES03334455', 8.50, 9, 12),
(36, 'Mazăre verde Bonduelle', 'conservă', 'HU03445566', 6.80, 9, 12),
(37, 'Pizza Margherita Taverna', 'buc', 'DE03556677', 12.50, 9, 13),
(38, 'Înghețată Gelatelli 1L', 'buc', 'DE03667788', 17.90, 9, 13),
(39, 'Cereale Crownfield 500g', 'buc', 'DE03778899', 10.50, 9, 27),
(40, 'Miere de albine Polifloră', 'borcan', 'RO03889900', 19.80, 9, 43),
(41, 'Băutură energizantă Kong Strong', 'doză', 'DE03990011', 2.50, 9, 35),
(42, 'Arahide prăjite Alesto', 'pungă', 'DE04112233', 7.40, 9, 36),
(43, 'Turtă dulce Favorina', 'buc', 'DE04223344', 9.90, 9, 50),
(44, 'Mătură cu coadă Parkside', 'buc', 'DE04334455', 24.90, 21, 46),
(45, 'Set șosete copii Lupilu', 'set', 'FR04445566', 15.00, 21, 31),
(46, 'Bec LED Livarno Home', 'buc', 'DE04556677', 11.90, 21, 32),
(47, 'Tigaie antiaderentă Ernesto', 'buc', 'DE04667788', 59.90, 21, 21),
(48, 'Săpun lichid Cien 500ml', 'buc', 'DE04778899', 5.50, 21, 48),
(49, 'Cremă de față Ziaja', 'buc', 'PL04889900', 14.90, 21, 10),
(50, 'Ghete sport băieți Crivit', 'pereche', 'DE04990011', 69.90, 21, 28),
(51, 'Sana Pilos 400g', 'buc', 'RO05112233', 3.20, 9, 1),
(52, 'Kefir Pilos 500g', 'buc', 'RO05223344', 3.90, 9, 1),
(53, 'Brânză proaspătă de vaci', 'buc', 'RO05334455', 8.50, 9, 1),
(54, 'Cascaval Afumat Pikok', 'kg', 'RO05445566', 34.00, 9, 4),
(55, 'Șuncă Praga feliată', 'caserolă', 'RO05556677', 8.90, 9, 4),
(56, 'Parizer de porc Baroni', 'buc', 'RO05667788', 6.50, 9, 4),
(57, 'Pate de porc Pikok', 'conservă', 'RO05778899', 3.20, 9, 12),
(58, 'Piersici la compot Kania', 'conservă', 'DE05889900', 7.80, 9, 12),
(59, 'Roșii decojite Combino', 'conservă', 'IT05990011', 4.50, 9, 12),
(60, 'Ciocolată Fin Carré Lapte', 'buc', 'DE06001122', 3.99, 9, 5),
(61, 'Praline J.D. Gross 70%', 'cutie', 'DE06112233', 14.50, 9, 5),
(62, 'Biscuiți Sondey cu unt', 'pachet', 'DE06223344', 5.20, 9, 5),
(63, 'Croissant cu unt patiserie', 'buc', 'RO06334455', 2.50, 9, 6),
(64, 'Gogoși cu glazură roz', 'buc', 'RO06445566', 1.99, 9, 6),
(65, 'Chifle Kaiser 6 bucăți', 'pungă', 'RO06556677', 3.50, 9, 6),
(66, 'Portocale Navel', 'kg', 'ES06667788', 5.99, 9, 7),
(67, 'Lămâi plasă 500g', 'buc', 'TR06778899', 4.20, 9, 7),
(68, 'Cartofi noi spălați', 'kg', 'RO06889900', 3.80, 9, 7),
(69, 'Fanta Portocale 2L', 'buc', 'RO06990011', 8.50, 9, 8),
(70, 'Apă plată Sagiko 5L', 'buc', 'RO07001122', 6.20, 9, 8),
(71, 'Bere blondă Perlenbacher', 'sticlă', 'DE07112233', 3.80, 9, 9),
(72, 'Vin roșu Sec de Purcari', 'sticlă', 'MD07223344', 42.00, 9, 9),
(73, 'Șervețele umede Cien Baby', 'pachet', 'DE07334455', 6.90, 21, 17),
(74, 'Scutece Lupilu Comfort 4', 'pachet', 'FR07445566', 38.90, 21, 17),
(75, 'Detergent vase Pur Lemon', 'buc', 'RO07556677', 8.50, 21, 11),
(76, 'Balsam rufe W5 1.5L', 'buc', 'DE07667788', 12.90, 21, 11),
(77, 'Saci menajeri W5 35L', 'rola', 'DE07778899', 4.50, 21, 46),
(78, 'Bureți de vase 5 bucăți', 'set', 'RO07889900', 2.99, 21, 46),
(79, 'Fierăstrău pendular Parkside', 'buc', 'DE07990011', 149.00, 21, 19),
(80, 'Acumulator 20V Parkside', 'buc', 'DE08001122', 99.00, 21, 19),
(81, 'Set burghie metal Parkside', 'set', 'DE08112233', 24.90, 21, 2),
(82, 'Mănuși de grădinărit', 'pereche', 'RO08223344', 7.50, 21, 2),
(83, 'Furtun de udat Ultimate Speed', 'buc', 'DE08334455', 49.90, 21, 2),
(84, 'Tricou bărbați Livergy', 'buc', 'DE08445566', 19.90, 21, 3),
(85, 'Șosete sport Crivit 3 per', 'set', 'DE08556677', 14.90, 21, 30),
(86, 'Pantaloni scurți damă Esmara', 'buc', 'DE08667788', 25.00, 21, 3),
(87, 'Deodorant Cien Roll-on', 'buc', 'DE08778899', 4.90, 21, 10),
(88, 'Fixativ de păr Cien 300ml', 'buc', 'DE08889900', 8.50, 21, 10),
(89, 'Discuri demachiante Iseree', 'pachet', 'PL08990011', 3.90, 21, 10),
(90, 'Hrană umedă pisici Coshida', 'conservă', 'DE09001122', 2.20, 9, 16),
(91, 'Batoane recompense câini', 'pachet', 'DE09112233', 4.50, 9, 16),
(92, 'Cafea măcinată Jacobs 250g', 'buc', 'RO09223344', 14.80, 9, 14),
(93, 'Ceai verde Lord Nelson', 'cutie', 'PL09334455', 3.90, 9, 14),
(94, 'Pufuleți Snack Day cu sare', 'pungă', 'RO09445566', 1.50, 9, 15),
(95, 'Mix de nuci Alesto 200g', 'pungă', 'DE09556677', 13.90, 9, 36),
(96, 'Ulei de măsline Primadonna', '750ml', 'IT09667788', 29.90, 9, 25),
(97, 'Mălai Extra Castello 1kg', 'buc', 'RO09778899', 3.20, 9, 26),
(98, 'Zahăr tos Castello 1kg', 'buc', 'RO09889900', 4.50, 9, 26),
(99, 'Baton proteic Crivit', 'buc', 'DE09990011', 5.50, 9, 30),
(100, 'Cozonac cu nucă și cacao', 'buc', 'RO10001122', 12.50, 9, 50);


INSERT INTO cont_lidl_plus (idcontlidlplus, data_inregistrarii, id_card_qr, puncte_acumulate, idclient) VALUES
(1, '2026-01-15', 'QR_LIDL_001', 450, 1),
(2, '2026-01-18', 'QR_LIDL_002', 120, 2),
(3, '2026-01-20', 'QR_LIDL_003', 550, 3),
(4, '2026-01-25', 'QR_LIDL_004', 85, 4),
(5, '2026-02-01', 'QR_LIDL_005', 310, 5),
(6, '2026-02-03', 'QR_LIDL_006', 210, 6),
(7, '2026-02-10', 'QR_LIDL_007', 600, 7),
(8, '2026-02-12', 'QR_LIDL_008', 150, 8),
(9, '2026-02-15', 'QR_LIDL_009', 420, 9),
(10, '2026-02-20', 'QR_LIDL_010', 50, 10),
(11, '2026-02-22', 'QR_LIDL_011', 190, 11),
(12, '2026-02-25', 'QR_LIDL_012', 380, 12),
(13, '2026-03-01', 'QR_LIDL_013', 270, 13),
(14, '2026-03-02', 'QR_LIDL_014', 510, 14),
(15, '2026-03-05', 'QR_LIDL_015', 130, 15),
(16, '2026-03-07', 'QR_LIDL_016', 95, 16),
(17, '2026-03-10', 'QR_LIDL_017', 340, 17),
(18, '2026-03-12', 'QR_LIDL_018', 480, 18),
(19, '2026-03-15', 'QR_LIDL_019', 220, 19),
(20, '2026-03-18', 'QR_LIDL_020', 580, 20),
(21, '2026-03-20', 'QR_LIDL_021', 160, 21),
(22, '2026-03-22', 'QR_LIDL_022', 410, 22),
(23, '2026-03-25', 'QR_LIDL_023', 300, 23),
(24, '2026-03-28', 'QR_LIDL_024', 70, 24),
(25, '2026-04-01', 'QR_LIDL_025', 250, 25),
(26, '2026-04-03', 'QR_LIDL_026', 110, 26),
(27, '2026-04-05', 'QR_LIDL_027', 490, 27),
(28, '2026-04-08', 'QR_LIDL_028', 520, 28),
(29, '2026-04-10', 'QR_LIDL_029', 180, 29),
(30, '2026-04-12', 'QR_LIDL_030', 360, 30),
(31, '2026-04-15', 'QR_LIDL_031', 400, 31),
(32, '2026-04-17', 'QR_LIDL_032', 230, 32),
(33, '2026-04-19', 'QR_LIDL_033', 140, 33),
(34, '2026-04-22', 'QR_LIDL_034', 650, 34),
(35, '2026-04-25', 'QR_LIDL_035', 320, 35),
(36, '2026-04-27', 'QR_LIDL_036', 440, 36),
(37, '2026-04-29', 'QR_LIDL_037', 175, 37),
(38, '2026-05-01', 'QR_LIDL_038', 290, 38),
(39, '2026-05-03', 'QR_LIDL_039', 505, 39),
(40, '2026-05-05', 'QR_LIDL_040', 125, 40),
(41, '2026-05-07', 'QR_LIDL_041', 370, 41),
(42, '2026-05-09', 'QR_LIDL_042', 460, 42),
(43, '2026-05-11', 'QR_LIDL_043', 215, 43),
(44, '2026-05-13', 'QR_LIDL_044', 55, 44),
(45, '2026-05-15', 'QR_LIDL_045', 535, 45),
(46, '2026-05-16', 'QR_LIDL_046', 280, 46),
(47, '2026-05-18', 'QR_LIDL_047', 415, 47),
(48, '2026-05-19', 'QR_LIDL_048', 195, 48),
(49, '2026-05-20', 'QR_LIDL_049', 335, 49),
(50, '2026-05-22', 'QR_LIDL_050', 615, 50);


INSERT INTO angajati (idangajat, nume, prenume, cnp, functie, data_angajarii, idmagazin) VALUES
(1, 'Popa', 'Andrei', '1850101123456', 'Manager de Magazin', '2020-05-10', 1),
(2, 'Ene', 'Mihaela', '2900202654321', 'Șef de Tură', '2022-03-15', 1),
(3, 'Radu', 'Vasile', '1950303111222', 'Casier', '2024-01-10', 1),
(4, 'Gheorghe', 'Alina', '2980404333444', 'Casier', '2024-06-01', 1),
(5, 'Miron', 'Cristian', '1990505555666', 'Casier', '2025-02-01', 1),
(6, 'Stan', 'Laura', '2920606777888', 'Manager de Magazin', '2021-08-20', 2),
(7, 'Dinu', 'Robert', '1960707999000', 'Casier', '2024-11-15', 2),
(8, 'Iancu', 'Elena', '2950808111333', 'Casier', '2023-09-01', 2),
(9, 'Lupu', 'Darius', '1940909444555', 'Manager de Magazin', '2019-11-01', 3),
(10, 'Marin', 'Anca', '2971010666777', 'Casier', '2024-02-15', 3),
(11, 'Vasile', 'Ion', '1911111888999', 'Manager de Magazin', '2020-01-20', 4),
(12, 'Sandu', 'Oana', '2961212000111', 'Casier', '2023-05-10', 4),
(13, 'Stefan', 'Mihai', '1930115222333', 'Manager de Magazin', '2018-04-12', 5),
(14, 'Nistor', 'Diana', '2990218444556', 'Șef de Tură', '2021-07-19', 5),
(15, 'Barbu', 'George', '1880322777888', 'Manager de Magazin', '2017-09-25', 6),
(16, 'Florea', 'Simona', '2940425999000', 'Casier', '2024-03-10', 6),
(17, 'Dobre', 'Alexandru', '1960528111444', 'Manager de Magazin', '2021-01-15', 7),
(18, 'Gabor', 'Ramona', '2950630333555', 'Casier', '2023-11-20', 7),
(19, 'Constantin', 'Paul', '1920712666888', 'Manager de Magazin', '2020-08-14', 8),
(20, 'Dragomir', 'Ioana', '2970805999111', 'Casier', '2024-05-12', 8),
(21, 'Minea', 'Vlad', '1990909222444', 'Manager de Magazin', '2022-10-01', 9),
(22, 'Toma', 'Adina', '2931015555777', 'Casier', '2023-08-24', 9),
(23, 'Voicu', 'Bogdan', '1951120888000', 'Manager de Magazin', '2021-03-18', 10),
(24, 'Panait', 'Paula', '2981225111333', 'Casier', '2024-07-07', 10),
(25, 'Mocanu', 'Razvan', '1910130444666', 'Manager de Magazin', '2019-06-30', 11),
(26, 'Preda', 'Gabriela', '2960228777999', 'Casier', '2023-04-02', 11),
(27, 'Craciun', 'Tiberiu', '1940314000222', 'Manager de Magazin', '2020-12-15', 12),
(28, 'Tudor', 'Sabina', '2990419333555', 'Casier', '2024-01-29', 12),
(29, 'Ungureanu', 'Cosmin', '1970524666888', 'Manager de Magazin', '2021-05-14', 13),
(30, 'Filip', 'Corina', '2950629999111', 'Casier', '2023-09-18', 13),
(31, 'Balan', 'Paul', '1930704222444', 'Manager de Magazin', '2018-11-22', 14),
(32, 'Luca', 'Dorin', '1960809555777', 'Casier', '2024-04-05', 14),
(33, 'Serban', 'Beatrice', '2980914888000', 'Manager de Magazin', '2022-02-28', 15),
(34, 'Cojocaru', 'Stefan', '1921019111333', 'Casier', '2023-06-12', 15),
(35, 'Grosu', 'Iulia', '2941124444666', 'Manager de Magazin', '2020-07-19', 16),
(36, 'Iacob', 'Mihail', '1971229777999', 'Casier', '2024-02-02', 16),
(37, 'Pascu', 'Loredana', '2990103000222', 'Manager de Magazin', '2021-09-09', 17),
(38, 'Stancu', 'Arpad', '1950208333555', 'Casier', '2023-10-21', 17),
(39, 'Goran', 'Ilie', '1910313666888', 'Manager de Magazin', '2019-04-14', 18),
(40, 'Chiriac', 'Marta', '2960418999111', 'Casier', '2024-06-15', 18),
(41, 'Varga', 'Attila', '1930523222444', 'Manager de Magazin', '2018-03-01', 19),
(42, 'Stoica', 'Elena', '2940628555777', 'Casier', '2023-12-01', 19),
(43, 'Albu', 'Marius', '1970702888000', 'Manager de Magazin', '2021-08-11', 20),
(44, 'Negru', 'Denisa', '2990807111333', 'Casier', '2024-03-27', 20),
(45, 'Matei', 'Adrian', '1920912444666', 'Manager de Magazin', '2020-05-29', 21),
(46, 'Oprea', 'Silviu', '1961017777999', 'Casier', '2023-07-04', 21),
(47, 'Nica', 'Cristina', '2981122000222', 'Manager de Magazin', '2022-01-15', 22),
(48, 'Sandu', 'Rares', '1951227333555', 'Casier', '2024-05-19', 22),
(49, 'Voicu', 'Adina', '2930102666888', 'Manager de Magazin', '2021-04-01', 23),
(50, 'Panait', 'George', '1970207999111', 'Casier', '2023-11-11', 23);


INSERT INTO aprovizionare (idintrare, data_receptie, total_plata, idmagazin, idfurnizor) VALUES
(1, '2026-05-01', 1200.00, 1, 1),
(2, '2026-05-03', 5600.00, 1, 2),
(3, '2026-05-04', 3400.00, 2, 3),
(4, '2026-05-05', 1500.00, 3, 4),
(5, '2026-05-06', 800.00, 4, 5),
(6, '2026-05-06', 4500.00, 1, 1),
(7, '2026-05-07', 7200.00, 2, 2),
(8, '2026-05-07', 2100.00, 5, 6),
(9, '2026-05-08', 6800.00, 1, 7),
(10, '2026-05-08', 1300.00, 2, 8),
(11, '2026-05-09', 2900.00, 3, 9),
(12, '2026-05-09', 3100.00, 4, 10),
(13, '2026-05-10', 5200.00, 6, 11),
(14, '2026-05-10', 1100.00, 7, 12),
(15, '2026-05-11', 4100.00, 1, 13),
(16, '2026-05-11', 8500.00, 2, 14),
(17, '2026-05-12', 6200.00, 8, 15),
(18, '2026-05-12', 1700.00, 9, 16),
(19, '2026-05-13', 2400.00, 10, 17),
(20, '2026-05-13', 3900.00, 3, 18),
(21, '2026-05-14', 1550.00, 4, 19),
(22, '2026-05-14', 4800.00, 1, 20),
(23, '2026-05-15', 6000.00, 2, 21),
(24, '2026-05-15', 2300.00, 11, 22),
(25, '2026-05-16', 3200.00, 12, 23),
(26, '2026-05-16', 5100.00, 13, 24),
(27, '2026-05-17', 7000.00, 1, 25),
(28, '2026-05-17', 4300.00, 2, 26),
(29, '2026-05-18', 3600.00, 14, 27),
(30, '2026-05-18', 2200.00, 15, 28),
(31, '2026-05-19', 1900.00, 16, 29),
(32, '2026-05-19', 5500.00, 3, 30),
(33, '2026-05-20', 4700.00, 4, 31),
(34, '2026-05-20', 6400.00, 1, 32),
(35, '2026-05-21', 1250.00, 17, 33),
(36, '2026-05-21', 8800.00, 2, 34),
(37, '2026-05-21', 3150.00, 18, 35),
(38, '2026-05-22', 2700.00, 19, 36),
(39, '2026-05-22', 1400.00, 20, 37),
(40, '2026-05-22', 1850.00, 3, 38),
(41, '2026-05-23', 2950.00, 4, 39),
(42, '2026-05-23', 9500.00, 1, 40),
(43, '2026-05-23', 2150.00, 21, 41),
(44, '2026-05-23', 3400.00, 22, 42),
(45, '2026-05-23', 4600.00, 2, 43),
(46, '2026-05-23', 2350.00, 23, 44),
(47, '2026-05-23', 3800.00, 1, 45),
(48, '2026-05-23', 1750.00, 3, 46),
(49, '2026-05-23', 5900.00, 4, 47),
(50, '2026-05-23', 6100.00, 2, 48),
(51, '2026-05-24', 7200.00, 1, 1),
(52, '2026-05-24', 3400.00, 2, 1),
(53, '2026-05-24', 5100.00, 3, 2),
(54, '2026-05-25', 2900.00, 4, 2),
(55, '2026-05-25', 6100.00, 1, 14),
(56, '2026-05-25', 4300.00, 2, 14),
(57, '2026-05-25', 7800.00, 5, 21),
(58, '2026-05-25', 2500.00, 6, 21);

INSERT INTO promotii (idpromotie, discount, data_emitere, data_expirare, idprodus) VALUES
(1, 15.00, '2026-05-18', '2026-05-25', 1),
(2, 20.00, '2026-05-18', '2026-05-25', 2),
(3, 10.00, '2026-05-20', '2026-05-27', 3),
(4, 30.00, '2026-05-01', '2026-05-07', 4),
(5, 25.00, '2026-05-15', '2026-05-22', 5),
(6, 15.00, '2026-05-10', '2026-05-17', 6),
(7, 50.00, '2026-05-20', '2026-05-24', 7),
(8, 20.00, '2026-05-20', '2026-05-24', 8),
(9, 10.00, '2026-05-01', '2026-05-31', 9),
(10, 35.00, '2026-05-22', '2026-05-29', 10),
(11, 15.00, '2026-05-15', '2026-05-22', 11),
(12, 25.00, '2026-05-01', '2026-05-15', 12),
(13, 30.00, '2026-05-18', '2026-05-25', 13),
(14, 20.00, '2026-05-18', '2026-05-25', 14),
(15, 15.00, '2026-05-20', '2026-05-27', 15),
(16, 40.00, '2026-05-22', '2026-05-26', 16),
(17, 10.00, '2026-05-15', '2026-05-22', 17),
(18, 15.00, '2026-05-01', '2026-05-07', 18),
(19, 20.00, '2026-05-20', '2026-05-27', 19),
(20, 25.00, '2026-05-10', '2026-05-17', 20),
(21, 30.00, '2026-05-15', '2026-05-22', 21),
(22, 15.00, '2026-05-18', '2026-05-25', 22),
(23, 20.00, '2026-05-20', '2026-05-27', 23),
(24, 10.00, '2026-05-22', '2026-05-29', 24),
(25, 35.00, '2026-05-01', '2026-05-07', 25),
(26, 15.00, '2026-05-15', '2026-05-22', 26),
(27, 25.00, '2026-05-18', '2026-05-25', 27),
(28, 20.00, '2026-05-20', '2026-05-27', 28),
(29, 30.00, '2026-05-22', '2026-05-29', 29),
(30, 15.00, '2026-05-01', '2026-05-07', 30),
(31, 10.00, '2026-05-15', '2026-05-22', 31),
(32, 45.00, '2026-05-18', '2026-05-25', 32),
(33, 20.00, '2026-05-20', '2026-05-27', 33),
(34, 25.00, '2026-05-22', '2026-05-29', 34),
(35, 15.00, '2026-05-01', '2026-05-07', 35),
(36, 30.00, '2026-05-15', '2026-05-22', 36),
(37, 20.00, '2026-05-18', '2026-05-25', 37),
(38, 10.00, '2026-05-20', '2026-05-27', 38),
(39, 40.00, '2026-05-22', '2026-05-29', 39),
(40, 15.00, '2026-05-01', '2026-05-07', 40),
(41, 25.00, '2026-05-15', '2026-05-22', 41),
(42, 20.00, '2026-05-18', '2026-05-25', 42),
(43, 30.00, '2026-05-20', '2026-05-27', 43),
(44, 15.00, '2026-05-22', '2026-05-29', 44),
(45, 10.00, '2026-05-01', '2026-05-07', 45),
(46, 50.00, '2026-05-15', '2026-05-22', 46),
(47, 20.00, '2026-05-18', '2026-05-25', 47),
(48, 25.00, '2026-05-20', '2026-05-27', 48),
(49, 35.00, '2026-05-22', '2026-05-29', 49),
(50, 15.00, '2026-05-01', '2026-05-07', 50);



INSERT INTO bonuri_fiscale (idbonfiscal, data_bon, ora, mod_plata, idangajat, idmagazin, idcontlidlplus) VALUES
(1, '2026-05-20', '09:30', 'Card', 3, 1, 1),
(2, '2026-05-20', '11:15', 'Lidl Pay', 4, 1, 2),
(3, '2026-05-21', '14:20', 'Cash', 3, 1, NULL),
(4, '2026-05-21', '16:45', 'Card', 7, 2, 3),
(5, '2026-05-22', '18:10', 'Card', 7, 2, 5),
(6, '2026-05-20', '10:00', 'Lidl Pay', 10, 3, 6),
(7, '2026-05-20', '12:30', 'Cash', 12, 4, NULL),
(8, '2026-05-21', '08:45', 'Card', 16, 6, 7),
(9, '2026-05-21', '15:15', 'Card', 18, 7, 8),
(10, '2026-05-22', '19:00', 'Lidl Pay', 20, 8, 9),
(11, '2026-05-20', '11:30', 'Cash', 22, 9, NULL),
(12, '2026-05-20', '13:45', 'Card', 24, 10, 10),
(13, '2026-05-21', '17:20', 'Card', 26, 11, 11),
(14, '2026-05-21', '09:15', 'Lidl Pay', 28, 12, 12),
(15, '2026-05-22', '14:10', 'Cash', 30, 13, NULL),
(16, '2026-05-20', '15:30', 'Card', 32, 14, 13),
(17, '2026-05-20', '16:45', 'Card', 34, 15, 14),
(18, '2026-05-21', '11:20', 'Lidl Pay', 36, 16, 15),
(19, '2026-05-21', '13:10', 'Cash', 38, 17, NULL),
(20, '2026-05-22', '10:45', 'Card', 40, 18, 16),
(21, '2026-05-20', '14:20', 'Card', 42, 19, 17),
(22, '2026-05-20', '18:15', 'Lidl Pay', 44, 20, 18),
(23, '2026-05-21', '09:40', 'Cash', 46, 21, NULL),
(24, '2026-05-21', '12:55', 'Card', 48, 22, 19),
(25, '2026-05-22', '16:10', 'Card', 50, 23, 20),
(26, '2026-05-20', '17:30', 'Lidl Pay', 3, 1, 21),
(27, '2026-05-20', '19:45', 'Cash', 4, 1, NULL),
(28, '2026-05-21', '10:15', 'Card', 5, 1, 22),
(29, '2026-05-21', '12:20', 'Card', 7, 2, 23),
(30, '2026-05-22', '15:50', 'Lidl Pay', 8, 2, 24),
(31, '2026-05-20', '13:10', 'Cash', 10, 3, NULL),
(32, '2026-05-20', '14:55', 'Card', 12, 4, 25),
(33, '2026-05-21', '16:15', 'Card', 16, 6, 26),
(34, '2026-05-21', '18:40', 'Lidl Pay', 18, 7, 27),
(35, '2026-05-22', '11:25', 'Cash', 20, 8, NULL),
(36, '2026-05-20', '12:40', 'Card', 22, 9, 28),
(37, '2026-05-20', '15:10', 'Card', 24, 10, 29),
(38, '2026-05-21', '16:35', 'Lidl Pay', 26, 11, 30),
(39, '2026-05-21', '09:50', 'Cash', 28, 12, NULL),
(40, '2026-05-22', '14:25', 'Card', 30, 13, 31),
(41, '2026-05-20', '10:15', 'Card', 32, 14, 32),
(42, '2026-05-20', '11:40', 'Lidl Pay', 34, 15, 33),
(43, '2026-05-21', '13:00', 'Cash', 36, 16, NULL),
(44, '2026-05-21', '15:45', 'Card', 38, 17, 34),
(45, '2026-05-22', '17:20', 'Card', 40, 18, 35),
(46, '2026-05-20', '16:10', 'Lidl Pay', 42, 19, 36),
(47, '2026-05-20', '18:30', 'Cash', 44, 20, NULL),
(48, '2026-05-21', '11:15', 'Card', 46, 21, 37),
(49, '2026-05-21', '14:50', 'Card', 48, 22, 38),
(50, '2026-05-22', '19:10', 'Lidl Pay', 50, 23, 39);



INSERT INTO cupoane_client (idcontlidlplus, idpromotie, stare_cupon) VALUES
(1, 1, 'Activat'),
(1, 2, 'Neactivat'),
(2, 1, 'Utilizat'),
(3, 3, 'Activat'),
(4, 4, 'Expirat'),
(5, 5, 'Activat'),
(6, 6, 'Utilizat'),
(7, 7, 'Activat'),
(8, 8, 'Neactivat'),
(9, 9, 'Activat'),
(10, 10, 'Utilizat'),
(11, 11, 'Activat'),
(12, 12, 'Expirat'),
(13, 13, 'Neactivat'),
(14, 14, 'Activat'),
(15, 15, 'Utilizat'),
(16, 16, 'Activat'),
(17, 17, 'Neactivat'),
(18, 18, 'Activat'),
(19, 19, 'Utilizat'),
(20, 20, 'Activat'),
(21, 21, 'Expirat'),
(22, 22, 'Neactivat'),
(23, 23, 'Activat'),
(24, 24, 'Utilizat'),
(25, 25, 'Activat'),
(26, 26, 'Neactivat'),
(27, 27, 'Activat'),
(28, 28, 'Utilizat'),
(29, 29, 'Activat'),
(30, 30, 'Expirat'),
(31, 31, 'Neactivat'),
(32, 32, 'Activat'),
(33, 33, 'Utilizat'),
(34, 34, 'Activat'),
(35, 35, 'Neactivat'),
(36, 36, 'Activat'),
(37, 37, 'Utilizat'),
(38, 38, 'Activat'),
(39, 39, 'Expirat'),
(40, 40, 'Neactivat'),
(41, 41, 'Activat'),
(42, 42, 'Utilizat'),
(43, 43, 'Activat'),
(44, 44, 'Neactivat'),
(45, 45, 'Activat'),
(46, 46, 'Utilizat'),
(47, 47, 'Activat'),
(48, 48, 'Expirat'),
(49, 49, 'Neactivat');




INSERT INTO stocuri (idprodus, idmagazin, cantitate_disp, localizare_raft, data_inventar) VALUES
(1, 1, 45, 'Aisle 1 - Cold', '2026-05-01'),
(2, 1, 8, 'Aisle 5 - Tools', '2026-05-01'),
(3, 1, 15, 'Aisle 4 - Clothes', '2026-05-01'),
(4, 2, 25, 'Aisle 2 - Meat', '2026-05-02'),
(5, 2, 5, 'Aisle 1 - Cold', '2026-05-02'),
(6, 1, 60, 'Bakery Zone', '2026-05-01'),
(7, 1, 12, 'Fruits Promo', '2026-05-01'),
(8, 3, 35, 'Fruits Island', '2026-05-03'),
(9, 3, 80, 'Beverages Aisle', '2026-05-03'),
(10, 4, 150, 'Beer Wall', '2026-05-04'),
(11, 4, 22, 'Cosmetics 1', '2026-05-04'),
(12, 6, 40, 'Cleaning Detergents', '2026-05-05'),
(13, 6, 18, 'Cheese Fridge', '2026-05-05'),
(14, 1, 30, 'Aisle 1 - Cold', '2026-05-01'),
(15, 2, 9, 'Sweets Promo', '2026-05-02'),
(16, 2, 14, 'Meat Coldroom', '2026-05-02'),
(17, 7, 95, 'Soups Shelf', '2026-05-06'),
(18, 7, 50, 'Coffee Corner', '2026-05-06'),
(19, 8, 75, 'Snacks Rack', '2026-05-07'),
(20, 8, 11, 'Pet Food Zone', '2026-05-07'),
(21, 1, 6, 'Tools Display', '2026-05-01'),
(22, 1, 19, 'Textiles Table', '2026-05-01'),
(23, 11, 110, 'Oils Aisle', '2026-05-08'),
(24, 11, 85, 'Baking Supplies', '2026-05-08'),
(25, 12, 65, 'Rice & Grains', '2026-05-09'),
(26, 12, 120, 'Pasta Rack', '2026-05-09'),
(27, 13, 28, 'Cosmetics 2', '2026-05-10'),
(28, 13, 33, 'Oral Hygiene', '2026-05-10'),
(29, 14, 42, 'Paper Products', '2026-05-11'),
(30, 15, 200, 'Water Pallet', '2026-05-12'),
(31, 15, 70, 'Juice Shelf', '2026-05-12'),
(32, 1, 4, 'Meat Grill Zone', '2026-05-01'),
(33, 1, 16, 'Sausages Fridge', '2026-05-01'),
(34, 2, 7, 'Fish Freezer', '2026-05-02'),
(35, 2, 48, 'Canned Fish', '2026-05-02'),
(36, 16, 55, 'Canned Vegetables', '2026-05-13'),
(37, 16, 23, 'Frozen Pizza', '2026-05-13'),
(38, 17, 13, 'Icecream Chest', '2026-05-14'),
(39, 17, 38, 'Cereals Aisle', '2026-05-14'),
(40, 18, 17, 'Honey Shelf', '2026-05-15'),
(41, 1, 125, 'Energy Drinks', '2026-05-01'),
(42, 1, 21, 'Nuts Corner', '2026-05-01'),
(43, 2, 49, 'Seasonal Table', '2026-05-02'),
(44, 2, 3, 'Menaj Aisle', '2026-05-02'),
(45, 19, 32, 'Kids Clothing', '2026-05-16'),
(46, 19, 27, 'Home Lighting', '2026-05-16'),
(47, 20, 10, 'Kitchenware', '2026-05-17'),
(48, 20, 52, 'Soaps Shelf', '2026-05-17'),
(49, 21, 15, 'Skin Care', '2026-05-18'),
(50, 21, 8, 'Sport Shoes', '2026-05-18');



INSERT INTO produse_furnizori (idprodus, idfurnizor, timp_livrare_zile, status_furnizor) VALUES
(1, 1, 2, 'Activ'),
(2, 2, 5, 'Activ'),
(3, 3, 4, 'Activ'),
(4, 4, 1, 'Activ'),
(5, 5, 3, 'Activ'),
(6, 23, 1, 'Activ'),
(7, 6, 3, 'Activ'),
(8, 18, 4, 'Activ'),
(9, 14, 2, 'Activ'),
(10, 21, 2, 'Activ'),
(11, 44, 3, 'Activ'),
(12, 28, 5, 'Activ'),
(13, 13, 3, 'Activ'),
(14, 26, 2, 'Activ'),
(15, 8, 4, 'Activ'),
(16, 7, 1, 'Activ'),
(17, 24, 2, 'Activ'),
(18, 10, 3, 'Activ'),
(19, 37, 2, 'Activ'),
(20, 41, 3, 'Activ'),
(21, 2, 5, 'Activ'),
(22, 3, 4, 'Activ'),
(23, 25, 2, 'Activ'),
(24, 49, 1, 'Activ'),
(25, 49, 2, 'Activ'),
(26, 11, 3, 'Activ'),
(27, 48, 3, 'Activ'),
(28, 45, 4, 'Activ'),
(29, 50, 2, 'Activ'),
(30, 17, 1, 'Activ'),
(31, 35, 2, 'Activ'),
(32, 25, 1, 'Activ'),
(33, 47, 2, 'Activ'),
(34, 34, 2, 'Activ'),
(35, 42, 4, 'Activ'),
(36, 16, 3, 'Activ'),
(37, 19, 3, 'Activ'),
(38, 30, 4, 'Activ'),
(39, 8, 3, 'Activ'),
(40, 41, 2, 'Activ'),
(41, 33, 2, 'Activ'),
(42, 36, 3, 'Activ'),
(43, 19, 5, 'Activ'),
(44, 2, 4, 'Activ'),
(45, 3, 4, 'Activ'),
(46, 40, 5, 'Activ'),
(47, 21, 3, 'Activ'),
(48, 44, 2, 'Activ'),
(49, 12, 3, 'Activ'),
(50, 30, 4, 'Activ');


INSERT INTO detalii_aprovizionare (idprodus, idintrare, cant_primita, pret_achizitie) VALUES
(1, 1, 200, 4.50),
(2, 2, 30, 140.00),
(3, 3, 80, 30.00),
(4, 4, 100, 12.00),
(5, 5, 150, 2.80),
(6, 6, 500, 3.10),
(7, 7, 300, 4.80),
(8, 8, 150, 3.20),
(9, 9, 400, 5.80),
(10, 10, 600, 2.10),
(11, 11, 120, 6.50),
(12, 12, 90, 26.00),
(13, 13, 140, 9.80),
(14, 14, 250, 7.90),
(15, 15, 180, 5.10),
(16, 16, 220, 20.50),
(17, 17, 400, 1.70),
(18, 18, 160, 15.00),
(19, 19, 350, 3.80),
(20, 20, 110, 31.00),
(21, 21, 60, 23.50),
(22, 22, 130, 21.00),
(23, 23, 450, 5.00),
(24, 24, 280, 2.60),
(25, 25, 190, 4.40),
(26, 26, 340, 2.90),
(27, 27, 170, 4.60),
(28, 28, 210, 3.90),
(29, 29, 115, 11.20),
(30, 30, 800, 2.30),
(31, 31, 240, 6.10),
(32, 32, 165, 13.40),
(33, 33, 195, 9.70),
(34, 34, 145, 8.20),
(35, 35, 260, 5.90),
(36, 36, 310, 4.70),
(37, 37, 185, 8.60),
(38, 38, 125, 12.10),
(39, 39, 215, 7.30),
(40, 40, 105, 13.80),
(41, 41, 550, 1.65),
(42, 42, 175, 5.15),
(43, 43, 225, 6.90),
(44, 44, 75, 17.20),
(45, 45, 135, 10.40),
(46, 46, 95, 8.30),
(47, 47, 85, 41.50),
(48, 48, 245, 3.85),
(49, 49, 155, 10.20),
(50, 50, 110, 48.00);


INSERT INTO detalii_bon_fiscal (idprodus, idbonfiscal, cantitate, pret_final) VALUES
(1, 1, 3, 6.50),
(2, 1, 1, 189.00), 
(4, 2, 2, 19.50),
(1, 3, 1, 6.50),
(3, 4, 2, 45.00),
(4, 4, 3, 19.50), 
(5, 5, 4, 4.20),  
(6, 6, 2, 4.50),
(7, 7, 5, 6.99),
(8, 8, 10, 4.50), 
(9, 9, 3, 8.50),
(10, 10, 6, 3.20),
(11, 11, 1, 9.90),
(12, 12, 2, 39.90),
(13, 13, 2, 14.50),
(14, 14, 3, 11.50),
(15, 15, 4, 7.50),
(16, 16, 2, 28.90),
(17, 17, 5, 2.50),
(18, 18, 1, 22.00),
(19, 19, 3, 5.50),
(20, 20, 1, 45.00),
(21, 21, 2, 34.90),
(22, 22, 1, 29.90),
(23, 23, 4, 7.20),
(24, 24, 5, 3.80),
(25, 25, 3, 6.50),
(26, 26, 2, 4.10),
(27, 27, 2, 6.50),
(28, 28, 1, 5.90),
(29, 29, 2, 16.50),
(30, 30, 6, 3.50),
(31, 31, 3, 8.90),
(32, 32, 2, 18.50),
(33, 33, 4, 14.20),
(34, 34, 2, 11.90),
(35, 35, 3, 8.50),
(36, 36, 5, 6.80),
(37, 37, 1, 12.50),
(38, 38, 2, 17.90),
(39, 39, 3, 10.50),
(40, 40, 2, 19.80),
(41, 41, 10, 2.50),
(42, 42, 4, 7.40),
(43, 43, 2, 9.90),
(44, 44, 1, 24.90),
(45, 45, 3, 15.00),
(46, 46, 5, 11.90),
(47, 47, 1, 59.90),
(48, 48, 4, 5.50);

